Route_Name,Route_Link,Bus_Name,Bus_Type,Departing_Time,Duration,Reaching_Time,Star_Rating,Price,Seat_Availability
Goa to Pune,https://www.redbus.in/bus-tickets/goa-to-pune,Kadamba Transport Corporation Limited (KTCL) - 6032,Non AC Seater 2+2,18:00,14h 00m,08:00,4.1,INR 800,22 Seats available
Goa to Pune,https://www.redbus.in/bus-tickets/goa-to-pune,Kadamba Transport Corporation Limited (KTCL) - 89820,A/C Sleeper (2+1),19:00,12h 00m,07:00,3.0,INR 1400,4 Seats available
Goa to Pune,https://www.redbus.in/bus-tickets/goa-to-pune,Atmaram Gobus,VE A/C Sleeper (2+1),21:32,09h 30m,07:02,4.6,INR 1299,12 Seats available
Goa to Pune,https://www.redbus.in/bus-tickets/goa-to-pune,Atmaram Gobus,VE A/C Sleeper (2+1),22:30,09h 15m,07:45,4.6,INR 1199,9 Seats available
Goa to Pune,https://www.redbus.in/bus-tickets/goa-to-pune,IntrCity SmartBus,Bharat Benz A/C Seater /Sleeper (2+1),20:30,10h 15m,06:45,4.6,INR 820,34 Seats available
Goa to Pune,https://www.redbus.in/bus-tickets/goa-to-pune,AdAnand Ashray Travels,Volvo Multi-Axle A/C Sleeper (2+1),22:45,10h 15m,09:00,4.3,1233,29 Seats available
Goa to Pune,https://www.redbus.in/bus-tickets/goa-to-pune,Sangitam Travels Tanzanite,A/C Sleeper (2+1),21:30,10h 30m,08:00,4.5,INR 1105,26 Seats available
Goa to Pune,https://www.redbus.in/bus-tickets/goa-to-pune,Ashray Travels,Non A/C Seater / Sleeper (2+1),20:00,10h 30m,06:30,4.4,INR 580,41 Seats available
Goa to Pune,https://www.redbus.in/bus-tickets/goa-to-pune,Ashray Travels,Bharat Benz A/C Sleeper (2+1),22:30,11h 30m,10:00,4.4,990,29 Seats available
Goa to Pune,https://www.redbus.in/bus-tickets/goa-to-pune,AdIndumati Travels,A/C Sleeper (2+1),20:15,10h 00m,06:15,4.1,INR 1200,25 Seats available
Goa to Pune,https://www.redbus.in/bus-tickets/goa-to-pune,Zingbus Plus,VE A/C Sleeper (2+1),20:50,10h 20m,07:10,4.5,990,23 Seats available
Goa to Pune,https://www.redbus.in/bus-tickets/goa-to-pune,IntrCity SmartBus,AC Sleeper (2+1),19:30,10h 10m,05:40,4.5,INR 1049,26 Seats available
Goa to Pune,https://www.redbus.in/bus-tickets/goa-to-pune,IntrCity SmartBus,AC Sleeper (2+1),19:00,10h 30m,05:30,4.4,INR 1485,18 Seats available
Goa to Pune,https://www.redbus.in/bus-tickets/goa-to-pune,IntrCity SmartBus,AC Sleeper (2+1),18:30,10h 55m,05:25,4.4,INR 1028,29 Seats available
Goa to Pune,https://www.redbus.in/bus-tickets/goa-to-pune,IntrCity SmartBus,Bharat Benz A/C Sleeper (2+1),21:30,10h 15m,07:45,4.3,INR 1125,21 Seats available
Goa to Pune,https://www.redbus.in/bus-tickets/goa-to-pune,Atmaram Gobus,NON A/C Sleeper (2+1),19:01,10h 30m,05:31,4.3,INR 1199,11 Seats available
Goa to Pune,https://www.redbus.in/bus-tickets/goa-to-pune,Zingbus Plus,AC Sleeper (2+1),18:10,09h 50m,04:00,4.1,1111,22 Seats available
Goa to Pune,https://www.redbus.in/bus-tickets/goa-to-pune,Amrutyog Travels,A/C Sleeper (2+1),20:00,14h 00m,10:00,4.3,INR 1111,30 Seats available
Goa to Pune,https://www.redbus.in/bus-tickets/goa-to-pune,IntrCity SmartBus,AC Sleeper (2+1),21:00,10h 05m,07:05,4.3,INR 1000,34 Seats available
Goa to Pune,https://www.redbus.in/bus-tickets/goa-to-pune,Indumati Travels,A/C Sleeper (2+1),21:00,10h 00m,07:00,4.2,903,20 Seats available
Goa to Pune,https://www.redbus.in/bus-tickets/goa-to-pune,Prasanna - Purple Bus,VE A/C Sleeper (2+1),17:00,12h 00m,05:00,4.2,INR 1720,22 Seats available
Goa to Pune,https://www.redbus.in/bus-tickets/goa-to-pune,Ashray Grand,Volvo Multi-Axle A/C Sleeper (2+1),22:00,11h 30m,09:30,4.1,1368,22 Seats available
Goa to Pune,https://www.redbus.in/bus-tickets/goa-to-pune,Zingbus Plus,Bharat Benz A/C Sleeper (2+1),19:40,09h 50m,05:30,4.1,990,23 Seats available
Goa to Pune,https://www.redbus.in/bus-tickets/goa-to-pune,Atmaram Gobus,NON A/C Sleeper (2+1),20:01,10h 30m,06:31,4.2,INR 850,15 Seats available
Goa to Pune,https://www.redbus.in/bus-tickets/goa-to-pune,"National Travels,Goa",NON A/C Sleeper (2+1),19:00,11h 20m,06:20,4.2,INR 899,23 Seats available
Goa to Pune,https://www.redbus.in/bus-tickets/goa-to-pune,Laxmi Queen Asta,A/C Sleeper (2+1),20:30,10h 30m,07:00,4.1,INR 1300,22 Seats available
Goa to Pune,https://www.redbus.in/bus-tickets/goa-to-pune,Prasanna - Purple Bus,VE A/C Sleeper (2+1),22:15,09h 30m,07:45,4.0,INR 1295,32 Seats available
Goa to Pune,https://www.redbus.in/bus-tickets/goa-to-pune,Rajdhani Travels Corporation,VE A/C Sleeper (2+1),18:00,12h 10m,06:10,4.1,INR 1200,8 Seats available
Goa to Pune,https://www.redbus.in/bus-tickets/goa-to-pune,Laxmi-Princess Nova,Non A/C Seater / Sleeper (2+1),19:00,11h 30m,06:30,3.9,INR 700,37 Seats available
Goa to Pune,https://www.redbus.in/bus-tickets/goa-to-pune,Atmaram Travels (Humsafar),Bharat Benz A/C Sleeper (2+1),19:30,09h 30m,05:00,3.9,INR 1050,22 Seats available
Goa to Pune,https://www.redbus.in/bus-tickets/goa-to-pune,Anand Ashray Travels,Volvo Multi-Axle A/C Sleeper (2+1),20:00,10h 30m,06:30,4.0,1233,25 Seats available
Goa to Pune,https://www.redbus.in/bus-tickets/goa-to-pune,Prasanna - Purple Bus,VE A/C Sleeper (2+1),18:00,11h 30m,05:30,3.9,INR 1520,27 Seats available
Goa to Pune,https://www.redbus.in/bus-tickets/goa-to-pune,IntrCity SmartBus,Bharat Benz A/C Sleeper (2+1),19:50,10h 15m,06:05,4.2,INR 908,25 Seats available
Goa to Pune,https://www.redbus.in/bus-tickets/goa-to-pune,Anand Ashray Travels,Volvo Multi-Axle I-Shift A/C Sleeper (2+1),21:00,10h 30m,07:30,3.8,1233,27 Seats available
Goa to Pune,https://www.redbus.in/bus-tickets/goa-to-pune,Atmaram Travels(KVT Narmada Red),Bharat Benz A/C Sleeper (2+1),21:16,10h 15m,07:31,3.8,INR 950,18 Seats available
Goa to Pune,https://www.redbus.in/bus-tickets/goa-to-pune,Laxmi Empress Stellar,NON A/C Sleeper (2+1),19:45,11h 00m,06:45,3.8,INR 1100,27 Seats available
Goa to Pune,https://www.redbus.in/bus-tickets/goa-to-pune,IntrCity SmartBus,Bharat Benz A/C Sleeper (2+1),20:50,10h 25m,07:15,4.4,INR 900,26 Seats available
Goa to Pune,https://www.redbus.in/bus-tickets/goa-to-pune,Atmaram Travels (Dolphin),A/C Sleeper (2+1),14:00,11h 00m,01:00,3.8,INR 1200,19 Seats available
Goa to Pune,https://www.redbus.in/bus-tickets/goa-to-pune,Laxmi Queen Prime,A/C Sleeper (2+1),19:30,11h 00m,06:30,3.7,INR 1300,23 Seats available
Goa to Pune,https://www.redbus.in/bus-tickets/goa-to-pune,Atmaram Travels(M.Dev),A/C Sleeper (2+1),22:00,10h 00m,08:00,3.8,INR 1299,27 Seats available
Goa to Pune,https://www.redbus.in/bus-tickets/goa-to-pune,Atmaram Travels (Shreyas),Bharat Benz A/C Sleeper (2+1),20:03,10h 30m,06:33,3.6,INR 900,19 Seats available
Goa to Pune,https://www.redbus.in/bus-tickets/goa-to-pune,Atmaram Travels (Dolphin),A/C Sleeper (2+1),15:00,11h 30m,02:30,3.8,INR 1100,23 Seats available
Goa to Pune,https://www.redbus.in/bus-tickets/goa-to-pune,Atmaram Travels (Unity),A/C Sleeper (2+1),20:00,11h 00m,07:00,3.9,INR 1050,27 Seats available
Goa to Pune,https://www.redbus.in/bus-tickets/goa-to-pune,Atmaram Travels ( Gogte ),A/C Sleeper (2+1),19:02,10h 58m,06:00,4.1,INR 1299,18 Seats available
Goa to Pune,https://www.redbus.in/bus-tickets/goa-to-pune,IntrCity SmartBus,Bharat Benz A/C Sleeper (2+1),20:00,10h 15m,06:15,4.1,INR 1049,26 Seats available
Goa to Pune,https://www.redbus.in/bus-tickets/goa-to-pune,Prasanna - Purple Bus,VE A/C Sleeper (2+1),22:00,09h 30m,07:30,4.1,INR 1620,23 Seats available
Goa to Pune,https://www.redbus.in/bus-tickets/goa-to-pune,Giroba Travels (Kelkar),NON A/C Airbus (2+2),18:00,11h 30m,05:30,3.7,INR 500,36 Seats available
Goa to Pune,https://www.redbus.in/bus-tickets/goa-to-pune,Atmaram Travels ( Gogte ),NON A/C Sleeper (2+1),21:01,10h 30m,07:31,3.5,INR 800,20 Seats available
Goa to Pune,https://www.redbus.in/bus-tickets/goa-to-pune,Atmaram Travels (Unity),A/C Sleeper (2+1),20:00,11h 00m,07:00,4.0,INR 4000,30 Seats available
Goa to Pune,https://www.redbus.in/bus-tickets/goa-to-pune,PSR Travels Goa (Parrikar),A/C Sleeper (2+1),19:15,10h 45m,06:00,3.8,INR 1999,27 Seats available
Goa to Pune,https://www.redbus.in/bus-tickets/goa-to-pune,VRL Travels,A/C Sleeper (2+1),19:30,11h 15m,06:45,4.0,INR 1500,12 Seats available
Goa to Pune,https://www.redbus.in/bus-tickets/goa-to-pune,Atmaram Travels ( Ashray ),A/C Sleeper (2+1),22:02,11h 23m,09:25,3.6,INR 900,24 Seats available
Goa to Pune,https://www.redbus.in/bus-tickets/goa-to-pune,Laxmi holidays,Bharat Benz A/C Seater /Sleeper (2+1),19:30,12h 00m,07:30,4.5,INR 750,42 Seats available
Goa to Pune,https://www.redbus.in/bus-tickets/goa-to-pune,Prasanna - Purple Bus,VE A/C Sleeper (2+1),21:00,10h 00m,07:00,4.8,INR 1520,20 Seats available
Goa to Pune,https://www.redbus.in/bus-tickets/goa-to-pune,Atmaram Travels (Vishal),A/C Sleeper (2+1),17:30,13h 50m,07:20,4.5,INR 1100,24 Seats available
Goa to Pune,https://www.redbus.in/bus-tickets/goa-to-pune,Atmaram Travels (Dolphin),A/C Sleeper (2+1),18:30,11h 00m,05:30,3.7,INR 1499,28 Seats available
Goa to Pune,https://www.redbus.in/bus-tickets/goa-to-pune,Giroba Travels (Kelkar),Non A/C Seater / Sleeper (2+1),17:45,11h 45m,05:30,3.1,INR 550,29 Seats available
Goa to Pune,https://www.redbus.in/bus-tickets/goa-to-pune,Amrutyog Travels (Global),NON A/C Sleeper (2+1),19:00,13h 00m,08:00,4.5,INR 799,28 Seats available
Goa to Pune,https://www.redbus.in/bus-tickets/goa-to-pune,PSR Travels (Vaibhav),A/C Sleeper (2+1),22:30,09h 00m,07:30,3.8,INR 1250,22 Seats available
Goa to Pune,https://www.redbus.in/bus-tickets/goa-to-pune,Giroba Travels (Shree),A/C Sleeper (2+1),19:00,11h 30m,06:30,4.1,INR 1000,23 Seats available
Goa to Pune,https://www.redbus.in/bus-tickets/goa-to-pune,VAILANKANNI TRAVELS,VE A/C Sleeper (2+1),18:30,12h 25m,06:55,3.8,INR 1200,29 Seats available
Goa to Pune,https://www.redbus.in/bus-tickets/goa-to-pune,Atmaram Travels (Dolphin),A/C Sleeper (2+1),16:30,11h 00m,03:30,3.0,INR 1100,21 Seats available
Goa to Pune,https://www.redbus.in/bus-tickets/goa-to-pune,Laxmi holidays,Bharat Benz A/C Seater /Sleeper (2+1),18:30,11h 30m,06:00,4.6,INR 800,35 Seats available
Goa to Pune,https://www.redbus.in/bus-tickets/goa-to-pune,Atmaram Travels (Vishal),Non AC Seater (2+2),18:10,11h 55m,06:05,3.7,INR 800,34 Seats available
Goa to Pune,https://www.redbus.in/bus-tickets/goa-to-pune,Manish Travels,NON A/C Seater (2+2),16:45,12h 50m,05:35,2.3,INR 800,32 Seats available
Goa to Pune,https://www.redbus.in/bus-tickets/goa-to-pune,Atmaram Travels ( Gogte ),NON A/C Sleeper (2+1),22:01,10h 45m,08:46,3.4,INR 750,25 Seats available
Goa to Pune,https://www.redbus.in/bus-tickets/goa-to-pune,Giroba Travels (Anand),Non A/C Seater / Sleeper (2+1),19:00,11h 30m,06:30,3.8,INR 550,37 Seats available
Goa to Pune,https://www.redbus.in/bus-tickets/goa-to-pune,Gujarat Travels,AC Sleeper (2+1),12:40,11h 10m,23:50,2.1,INR 2000,34 Seats available
Goa to Pune,https://www.redbus.in/bus-tickets/goa-to-pune,Naik Tours And Travels,NON A/C Sleeper (2+1),16:30,12h 45m,05:15,2.3,INR 800,17 Seats available
Goa to Pune,https://www.redbus.in/bus-tickets/goa-to-pune,Atmaram Travels (Dolphin),A/C Sleeper (2+1),19:30,13h 10m,08:40,3.0,INR 1100,27 Seats available
Goa to Pune,https://www.redbus.in/bus-tickets/goa-to-pune,Ashray Travels,NON A/C Sleeper (2+1),19:00,11h 45m,06:45,1.5,INR 700,19 Seats available
Goa to Pune,https://www.redbus.in/bus-tickets/goa-to-pune,Atmaram Travels(GTA),A/C Sleeper (2+1),19:00,11h 00m,06:00,3.8,INR 1400,29 Seats available
Goa to Pune,https://www.redbus.in/bus-tickets/goa-to-pune,Atmaram Travels Goa,A/C Sleeper (2+1),22:31,10h 00m,08:31,3.1,INR 1359,22 Seats available
Goa to Pune,https://www.redbus.in/bus-tickets/goa-to-pune,Sai Travels - Sai Someshwar,A/C Seater / Sleeper (2+1),17:00,11h 50m,04:50,4.3,INR 4000,45 Seats available
Goa to Pune,https://www.redbus.in/bus-tickets/goa-to-pune,Manish Roshan Travels,A/C Sleeper (2+1),19:00,11h 30m,06:30,3.2,INR 1300,28 Seats available
Goa to Pune,https://www.redbus.in/bus-tickets/goa-to-pune,Hans Travels (I) Private Limited,A/C Sleeper (2+1),12:30,10h 45m,23:15,2.3,INR 1599,18 Seats available
Goa to Pune,https://www.redbus.in/bus-tickets/goa-to-pune,Atmaram Travels Goa,A/C Sleeper (2+1),20:30,10h 15m,06:45,3.8,INR 3500,22 Seats available
Goa to Pune,https://www.redbus.in/bus-tickets/goa-to-pune,Jolly Tours and Travels,VE A/C Sleeper (2+1),17:30,11h 15m,04:45,2.6,INR 1799,25 Seats available
Goa to Pune,https://www.redbus.in/bus-tickets/goa-to-pune,AAINATH TRAVELS,A/C Sleeper (2+1),21:30,09h 00m,06:30,1.3,INR 1200,20 Seats available
Goa to Pune,https://www.redbus.in/bus-tickets/goa-to-pune,Atmaram Travels (Dolphin),A/C Sleeper (2+1),15:30,11h 00m,02:30,2.5,INR 1100,24 Seats available
Goa to Pune,https://www.redbus.in/bus-tickets/goa-to-pune,Manish Patil Travels,A/C Sleeper (2+1),15:30,13h 00m,04:30,2.1,INR 1300,30 Seats available
Goa to Pune,https://www.redbus.in/bus-tickets/goa-to-pune,Jolly Tours and Travels,A/C Sleeper (2+1),18:30,11h 15m,05:45,1.9,INR 1499,20 Seats available
Goa to Pune,https://www.redbus.in/bus-tickets/goa-to-pune,Manish Sharma Travels,A/C Sleeper (2+1),17:30,11h 30m,05:00,2.7,INR 1300,30 Seats available
Goa to Pune,https://www.redbus.in/bus-tickets/goa-to-pune,Atmaram Gobus,Bharat Benz A/C Sleeper (2+1),23:00,11h 20m,10:20,4.0,INR 1999,24 Seats available
Goa to Pune,https://www.redbus.in/bus-tickets/goa-to-pune,M R Travels,A/C Seater / Sleeper (2+1),18:30,12h 00m,06:30,3.9,INR 1800,35 Seats available
Goa to Pune,https://www.redbus.in/bus-tickets/goa-to-pune,M R Travels,A/C Seater / Sleeper (2+1),19:50,10h 40m,06:30,3.9,INR 1800,35 Seats available
Goa to Pune,https://www.redbus.in/bus-tickets/goa-to-pune,Jolly Tours and Travels,A/C Seater (2+2),18:30,11h 15m,05:45,3.6,INR 1799,9 Seats available
Goa to Pune,https://www.redbus.in/bus-tickets/goa-to-pune,Giroba Travels (Rajmudra),A/C Sleeper (2+1),20:30,11h 15m,07:45,3.3,INR 899,23 Seats available
Goa to Pune,https://www.redbus.in/bus-tickets/goa-to-pune,Naik Tours And Travels,NON A/C Sleeper (2+1),17:30,12h 10m,05:40,2.9,INR 850,28 Seats available
Goa to Pune,https://www.redbus.in/bus-tickets/goa-to-pune,Manasvi Roadlines,NON A/C Sleeper (2+1),20:15,10h 15m,06:30,2.2,INR 3000,36 Seats available
Goa to Pune,https://www.redbus.in/bus-tickets/goa-to-pune,Kokan Holidays,NON A/C Sleeper (2+1),18:02,11h 58m,06:00,1.7,INR 3000,32 Seats available
Goa to Pune,https://www.redbus.in/bus-tickets/goa-to-pune,Kokan Holidays - Muskan,NON A/C Sleeper (2+1),16:00,12h 43m,04:43,1.7,INR 3000,32 Seats available
Goa to Pune,https://www.redbus.in/bus-tickets/goa-to-pune,Atmaram Travels Goa,A/C Seater / Sleeper (2+2),20:00,11h 30m,07:30,0,INR 2000,45 Seats available
Goa to Pune,https://www.redbus.in/bus-tickets/goa-to-pune,Atmaram Travels Goa,A/C Seater / Sleeper (2+1),20:00,11h 30m,07:30,0,INR 1000,36 Seats available
Bangalore to Goa,https://www.redbus.in/bus-tickets/bangalore-to-goa,Kadamba Transport Corporation Limited (KTCL) - 141293,Volvo AC Seater 2+2,19:45,12h 30m,08:15,3.8,INR 1500,23 Seats available
Bangalore to Goa,https://www.redbus.in/bus-tickets/bangalore-to-goa,Intercity travels,Bharat Benz A/C Sleeper (2+1),21:00,13h 15m,10:15,4.7,INR 3099,17 Seats available
Bangalore to Goa,https://www.redbus.in/bus-tickets/bangalore-to-goa,Sunrise Tours and Travels,A/C Sleeper (2+1),21:20,12h 05m,09:25,4.4,INR 2999,14 Seats available
Bangalore to Goa,https://www.redbus.in/bus-tickets/bangalore-to-goa,Butterfly Holidays,VE A/C Sleeper (2+1),21:10,12h 25m,09:35,4.6,INR 2799,20 Seats available
Bangalore to Goa,https://www.redbus.in/bus-tickets/bangalore-to-goa,Streamline tours and travels,A/C Sleeper (2+1),21:00,13h 00m,10:00,4.2,INR 2100,25 Seats available
Bangalore to Goa,https://www.redbus.in/bus-tickets/bangalore-to-goa,Sunrise Tours and Travels,Bharat Benz A/C Sleeper (2+1),20:15,12h 30m,08:45,4.3,INR 2999,26 Seats available
Bangalore to Goa,https://www.redbus.in/bus-tickets/bangalore-to-goa,IntrCity SmartBus,AC Sleeper (2+1),20:30,14h 10m,10:40,4.0,INR 2814,29 Seats available
Bangalore to Goa,https://www.redbus.in/bus-tickets/bangalore-to-goa,AdRajat Travels,A/C Seater / Sleeper (2+1),21:20,13h 10m,10:30,3.4,1530,14 Seats available
Bangalore to Goa,https://www.redbus.in/bus-tickets/bangalore-to-goa,Streamline tours and travels,A/C Sleeper (2+1),22:00,12h 05m,10:05,3.9,INR 2140,25 Seats available
Bangalore to Goa,https://www.redbus.in/bus-tickets/bangalore-to-goa,Shanta Travels,NON A/C Sleeper (2+1),19:30,12h 50m,08:20,3.8,INR 2010,24 Seats available
Bangalore to Goa,https://www.redbus.in/bus-tickets/bangalore-to-goa,IntrCity SmartBus,AC Sleeper (2+1),21:30,13h 50m,11:20,3.7,INR 2447,31 Seats available
Bangalore to Goa,https://www.redbus.in/bus-tickets/bangalore-to-goa,VKV Travels,A/C Sleeper (2+1),22:55,11h 05m,10:00,3.6,3340,25 Seats available
Bangalore to Goa,https://www.redbus.in/bus-tickets/bangalore-to-goa,Streamline tours and travels,Bharat Benz A/C Sleeper (2+1),23:00,12h 00m,11:00,3.5,INR 2699,25 Seats available
Bangalore to Goa,https://www.redbus.in/bus-tickets/bangalore-to-goa,Intercity travels,Bharat Benz A/C Sleeper (2+1),22:05,13h 00m,11:05,4.2,INR 2999,20 Seats available
Bangalore to Goa,https://www.redbus.in/bus-tickets/bangalore-to-goa,Sugama Tourist,NON A/C Sleeper (2+1),19:00,12h 15m,07:15,3.9,1710,4 Seats available
Bangalore to Goa,https://www.redbus.in/bus-tickets/bangalore-to-goa,Sea Bird Tourist,NON A/C Sleeper (2+1),18:00,13h 30m,07:30,3.2,INR 1500,24 Seats available
Bangalore to Goa,https://www.redbus.in/bus-tickets/bangalore-to-goa,Limousine Tours & Travels,A/C Sleeper (2+1),20:20,13h 50m,10:10,3.9,INR 2400,25 Seats available
Bangalore to Goa,https://www.redbus.in/bus-tickets/bangalore-to-goa,Intercity travels,Bharat Benz A/C Sleeper (2+1),22:15,13h 00m,11:15,4.9,INR 2899,25 Seats available
Bangalore to Goa,https://www.redbus.in/bus-tickets/bangalore-to-goa,VM CABS,A/C Sleeper (2+1),20:05,12h 35m,08:40,4.5,INR 3300,28 Seats available
Bangalore to Goa,https://www.redbus.in/bus-tickets/bangalore-to-goa,Jolly Tours and Travels,A/C Sleeper (2+1),21:30,12h 00m,09:30,4.6,INR 2100,13 Seats available
Bangalore to Goa,https://www.redbus.in/bus-tickets/bangalore-to-goa,Sri Tourist,A/C Sleeper (2+1),20:05,12h 25m,08:30,2.9,INR 1999,24 Seats available
Bangalore to Goa,https://www.redbus.in/bus-tickets/bangalore-to-goa,Sea Bird Tourist,NON A/C Sleeper (2+1),20:30,14h 00m,10:30,4.9,INR 1700,16 Seats available
Bangalore to Goa,https://www.redbus.in/bus-tickets/bangalore-to-goa,Sunrise Tours and Travels,Bharat Benz A/C Sleeper (2+1),22:00,11h 50m,09:50,2.9,INR 2899,20 Seats available
Bangalore to Goa,https://www.redbus.in/bus-tickets/bangalore-to-goa,VRL Travels,A/C Sleeper (2+1),21:00,13h 45m,10:45,2.5,INR 2200,4 Seats available
Bangalore to Goa,https://www.redbus.in/bus-tickets/bangalore-to-goa,Sea Bird Tourist,A/C Sleeper (2+1),19:00,13h 00m,08:00,2.4,INR 1700,24 Seats available
Bangalore to Goa,https://www.redbus.in/bus-tickets/bangalore-to-goa,Anand Travels,NON A/C Sleeper (2+1),18:30,11h 00m,05:30,3.1,1435,22 Seats available
Bangalore to Goa,https://www.redbus.in/bus-tickets/bangalore-to-goa,Sri Sai Logistics,A/C Sleeper (2+1),21:45,11h 50m,09:35,3.4,INR 2000,9 Seats available
Bangalore to Goa,https://www.redbus.in/bus-tickets/bangalore-to-goa,Sea Bird Tourist,Volvo 9600 Multi-Axle A/C Sleeper (2+1),23:30,13h 00m,12:30,5.0,INR 2000,23 Seats available
Bangalore to Goa,https://www.redbus.in/bus-tickets/bangalore-to-goa,Shanta Travels,Bharat Benz A/C Sleeper (2+1),20:30,13h 00m,09:30,2.3,INR 2810,22 Seats available
Bangalore to Goa,https://www.redbus.in/bus-tickets/bangalore-to-goa,VRL Travels,A/C Seater / Sleeper (2+1),19:30,13h 45m,09:15,2.6,INR 1800,16 Seats available
Bangalore to Goa,https://www.redbus.in/bus-tickets/bangalore-to-goa,Sugama Tourist,NON A/C Sleeper (2+1),19:00,11h 45m,06:45,2.4,INR 1800,4 Seats available
Bangalore to Goa,https://www.redbus.in/bus-tickets/bangalore-to-goa,Sea Bird Tourist,A/C Sleeper (2+1),22:30,13h 00m,11:30,2.0,INR 1800,21 Seats available
Bangalore to Goa,https://www.redbus.in/bus-tickets/bangalore-to-goa,National travels,Bharat Benz A/C Sleeper (2+1),22:25,11h 35m,10:00,2.2,INR 1990,32 Seats available
Bangalore to Goa,https://www.redbus.in/bus-tickets/bangalore-to-goa,SAI TOURS AND TRAVELS,NON A/C Sleeper (2+1),20:05,12h 40m,08:45,1.3,INR 1700,1 Seat available
Bangalore to Goa,https://www.redbus.in/bus-tickets/bangalore-to-goa,Gowthami Tours and Travels,Volvo Multi Axle B9R A/C Sleeper (2+1),21:40,09h 35m,07:15,1.4,INR 1559,12 Seats available
Bangalore to Goa,https://www.redbus.in/bus-tickets/bangalore-to-goa,Anand Travels,A/C Sleeper (2+1),21:30,11h 00m,08:30,4.6,INR 1705,20 Seats available
Bangalore to Goa,https://www.redbus.in/bus-tickets/bangalore-to-goa,VRN Luxuryline,A/C Sleeper (2+1),21:40,12h 50m,10:30,4.0,INR 1980,22 Seats available
Bangalore to Goa,https://www.redbus.in/bus-tickets/bangalore-to-goa,Shree Mahalaxmi Travels,NON A/C Sleeper (2+1),20:00,12h 45m,08:45,4.6,INR 3200,36 Seats available
Bangalore to Goa,https://www.redbus.in/bus-tickets/bangalore-to-goa,Butterfly Holidays,NON A/C Sleeper (2+1),21:10,10h 30m,07:40,4.6,INR 2599,30 Seats available
Bangalore to Goa,https://www.redbus.in/bus-tickets/bangalore-to-goa,Butterfly Holidays,VE A/C Sleeper (2+1),21:10,10h 30m,07:40,3.3,INR 2699,22 Seats available
Bangalore to Goa,https://www.redbus.in/bus-tickets/bangalore-to-goa,VRL Travels,NON A/C Sleeper (2+1),20:00,13h 30m,09:30,3.8,INR 2200,14 Seats available
Bangalore to Goa,https://www.redbus.in/bus-tickets/bangalore-to-goa,Sri Durgamba Travels,NON A/C Sleeper (2+1),19:00,13h 30m,08:30,3.7,INR 1999,24 Seats available
Bangalore to Goa,https://www.redbus.in/bus-tickets/bangalore-to-goa,AGR Travels,A/C Sleeper (2+1),22:20,12h 25m,10:45,3.7,INR 2199,26 Seats available
Bangalore to Goa,https://www.redbus.in/bus-tickets/bangalore-to-goa,KMBT Travels,A/C Seater / Sleeper (2+1),21:00,12h 30m,09:30,3.5,1424,23 Seats available
Bangalore to Goa,https://www.redbus.in/bus-tickets/bangalore-to-goa,Jolly Tours and Travels,A/C Sleeper (2+1),20:45,14h 00m,10:45,3.5,INR 2000,12 Seats available
Bangalore to Goa,https://www.redbus.in/bus-tickets/bangalore-to-goa,Janatha Travels,NON A/C Sleeper (2+1),20:45,12h 45m,09:30,2.9,INR 2994,30 Seats available
Bangalore to Goa,https://www.redbus.in/bus-tickets/bangalore-to-goa,Sri Sai Logistics,A/C Sleeper (2+1),21:05,12h 25m,09:30,2.2,INR 2000,12 Seats available
Bangalore to Goa,https://www.redbus.in/bus-tickets/bangalore-to-goa,SRS Travels,NON AC Seater / Sleeper 2+1,20:00,13h 30m,09:30,2.3,INR 2199,28 Seats available
Bangalore to Goa,https://www.redbus.in/bus-tickets/bangalore-to-goa,National travels,Bharat Benz A/C Sleeper (2+1),21:30,13h 00m,10:30,3.0,INR 2550,32 Seats available
Bangalore to Goa,https://www.redbus.in/bus-tickets/bangalore-to-goa,VM CABS,A/C Sleeper (2+1),20:05,12h 35m,08:40,1.6,INR 3300,27 Seats available
Bangalore to Goa,https://www.redbus.in/bus-tickets/bangalore-to-goa,DA Transports,A/C Sleeper (2+1),20:15,11h 45m,08:00,2.2,INR 2299,8 Seats available
Bangalore to Goa,https://www.redbus.in/bus-tickets/bangalore-to-goa,VRL Travels,NON A/C Sleeper (2+1),20:10,13h 30m,09:40,2.2,INR 2200,13 Seats available
Bangalore to Goa,https://www.redbus.in/bus-tickets/bangalore-to-goa,VRN Luxuryline,A/C Sleeper (2+1),21:40,12h 50m,10:30,2.6,INR 2980,23 Seats available
Bangalore to Goa,https://www.redbus.in/bus-tickets/bangalore-to-goa,RDS Travels,Scania Multi-Axle AC Semi Sleeper (2+2),21:55,11h 35m,09:30,4.2,INR 1999,49 Seats available
Bangalore to Goa,https://www.redbus.in/bus-tickets/bangalore-to-goa,KMS Travels,A/C Sleeper (2+1),21:20,13h 10m,10:30,3.7,2080,9 Seats available
Bangalore to Goa,https://www.redbus.in/bus-tickets/bangalore-to-goa,Sai Travels,Non A/C Seater / Sleeper (2+1),20:30,13h 00m,09:30,3.6,INR 10000,40 Seats available
Bangalore to Goa,https://www.redbus.in/bus-tickets/bangalore-to-goa,Manjushree Travels,NON A/C Sleeper (2+1),21:40,12h 20m,10:00,3.4,INR 2299,31 Seats available
Bangalore to Goa,https://www.redbus.in/bus-tickets/bangalore-to-goa,Kukkeshree Travels,NON A/C Sleeper (2+1),21:40,13h 10m,10:50,3.4,INR 2799,31 Seats available
Bangalore to Goa,https://www.redbus.in/bus-tickets/bangalore-to-goa,SHREE ROAD LINES SRL,Volvo Multi-Axle A/C Sleeper (2+1),20:10,12h 10m,08:20,3.4,INR 2499,23 Seats available
Bangalore to Goa,https://www.redbus.in/bus-tickets/bangalore-to-goa,Shekar Travels,A/C Sleeper (2+1),21:30,12h 30m,10:00,3.4,INR 3899,32 Seats available
Bangalore to Goa,https://www.redbus.in/bus-tickets/bangalore-to-goa,Kukkeshree Travels,NON A/C Sleeper (2+1),21:45,12h 15m,10:00,3.2,INR 2899,26 Seats available
Bangalore to Goa,https://www.redbus.in/bus-tickets/bangalore-to-goa,Northern Travels,Bharat Benz A/C Sleeper (2+1),22:00,12h 30m,10:30,3.2,1919,19 Seats available
Bangalore to Goa,https://www.redbus.in/bus-tickets/bangalore-to-goa,SRI VARAHA TOURS AND TRAVELS,Volvo Multi-Axle B9R A/c Semi Sleeper (2+2),21:45,13h 00m,10:45,3.1,INR 2499,49 Seats available
Bangalore to Goa,https://www.redbus.in/bus-tickets/bangalore-to-goa,Spectra Connect,A/C Sleeper (2+1),21:30,11h 45m,09:15,3.1,2624,26 Seats available
Bangalore to Goa,https://www.redbus.in/bus-tickets/bangalore-to-goa,Spectra Connect,A/C Sleeper (2+1),21:00,12h 30m,09:30,2.8,2624,24 Seats available
Bangalore to Goa,https://www.redbus.in/bus-tickets/bangalore-to-goa,Ravina Travels (Regd),A/C Sleeper (2+1),22:25,11h 05m,09:30,2.8,INR 3699,21 Seats available
Bangalore to Goa,https://www.redbus.in/bus-tickets/bangalore-to-goa,Sri Tourist,Non A/C Seater / Sleeper (2+1),20:15,11h 17m,07:32,2.6,INR 4000,36 Seats available
Bangalore to Goa,https://www.redbus.in/bus-tickets/bangalore-to-goa,Gowthami Tours and Travels,A/C Sleeper (2+1),19:45,11h 30m,07:15,2.4,INR 2000,24 Seats available
Bangalore to Goa,https://www.redbus.in/bus-tickets/bangalore-to-goa,Samarath Tours and Travels,Non A/C Seater / Sleeper (2+1),18:30,13h 05m,07:35,0,INR 1999,37 Seats available
Bangalore to Goa,https://www.redbus.in/bus-tickets/bangalore-to-goa,RS Roadlines,A/C Sleeper (2+1),20:30,11h 30m,08:00,0,INR 3000,30 Seats available
Bangalore to Goa,https://www.redbus.in/bus-tickets/bangalore-to-goa,RS Roadlines,A/C Sleeper (2+1),20:00,11h 30m,07:30,0,INR 3000,30 Seats available
Goa to Bangalore,https://www.redbus.in/bus-tickets/goa-to-bangalore,Kadamba Transport Corporation Limited (KTCL) - 5633,Volvo AC Seater 2+2,18:30,14h 00m,08:30,3.8,INR 900,12 Seats available
Goa to Bangalore,https://www.redbus.in/bus-tickets/goa-to-bangalore,Intercity travels,Bharat Benz A/C Sleeper (2+1),18:00,13h 15m,07:15,4.5,INR 2099,14 Seats available
Goa to Bangalore,https://www.redbus.in/bus-tickets/goa-to-bangalore,IntrCity SmartBus,AC Sleeper (2+1),18:00,13h 50m,07:50,4.4,INR 2088,26 Seats available
Goa to Bangalore,https://www.redbus.in/bus-tickets/goa-to-bangalore,IntrCity SmartBus,AC Sleeper (2+1),17:00,13h 40m,06:40,4.3,INR 1841,25 Seats available
Goa to Bangalore,https://www.redbus.in/bus-tickets/goa-to-bangalore,Streamline tours and travels,A/C Sleeper (2+1),18:00,12h 30m,06:30,4.2,INR 1800,23 Seats available
Goa to Bangalore,https://www.redbus.in/bus-tickets/goa-to-bangalore,Streamline tours and travels,Bharat Benz A/C Sleeper (2+1),17:30,12h 30m,06:00,4.2,INR 1999,22 Seats available
Goa to Bangalore,https://www.redbus.in/bus-tickets/goa-to-bangalore,VKV Travels,A/C Sleeper (2+1),13:00,12h 05m,01:05,4.1,1890,18 Seats available
Goa to Bangalore,https://www.redbus.in/bus-tickets/goa-to-bangalore,Streamline tours and travels,A/C Sleeper (2+1),19:00,12h 30m,07:30,3.9,INR 1800,23 Seats available
Goa to Bangalore,https://www.redbus.in/bus-tickets/goa-to-bangalore,Rajat Travels,A/C Seater / Sleeper (2+1),18:00,12h 35m,06:35,3.3,810,24 Seats available
Goa to Bangalore,https://www.redbus.in/bus-tickets/goa-to-bangalore,Intercity travels,Bharat Benz A/C Sleeper (2+1),17:15,13h 15m,06:30,4.5,INR 1999,17 Seats available
Goa to Bangalore,https://www.redbus.in/bus-tickets/goa-to-bangalore,Sunrise Tours and Travels,A/C Sleeper (2+1),18:15,11h 40m,05:55,4.0,INR 1999,17 Seats available
Goa to Bangalore,https://www.redbus.in/bus-tickets/goa-to-bangalore,VRL Travels,NON A/C Sleeper (2+1),18:00,14h 00m,08:00,4.0,INR 1300,9 Seats available
Goa to Bangalore,https://www.redbus.in/bus-tickets/goa-to-bangalore,Butterfly Holidays,VE A/C Sleeper (2+1),18:35,12h 10m,06:45,4.5,INR 1799,18 Seats available
Goa to Bangalore,https://www.redbus.in/bus-tickets/goa-to-bangalore,Limousine Tours & Travels,A/C Sleeper (2+1),17:40,13h 20m,07:00,4.5,INR 1499,24 Seats available
Goa to Bangalore,https://www.redbus.in/bus-tickets/goa-to-bangalore,Sri Tourist,A/C Sleeper (2+1),17:15,13h 30m,06:45,4.4,INR 1199,23 Seats available
Goa to Bangalore,https://www.redbus.in/bus-tickets/goa-to-bangalore,VM CABS,A/C Sleeper (2+1),18:15,13h 05m,07:20,3.0,INR 3000,36 Seats available
Goa to Bangalore,https://www.redbus.in/bus-tickets/goa-to-bangalore,VRL Travels,A/C Sleeper (2+1),20:00,14h 00m,10:00,3.7,INR 1500,11 Seats available
Goa to Bangalore,https://www.redbus.in/bus-tickets/goa-to-bangalore,Shanta Travels,NON A/C Sleeper (2+1),18:15,13h 15m,07:30,2.9,INR 1310,22 Seats available
Goa to Bangalore,https://www.redbus.in/bus-tickets/goa-to-bangalore,Sea Bird Tourist,A/C Sleeper (2+1),20:30,13h 00m,09:30,3.0,INR 1100,29 Seats available
Goa to Bangalore,https://www.redbus.in/bus-tickets/goa-to-bangalore,VRL Travels,A/C Seater / Sleeper (2+1),19:00,14h 00m,09:00,2.8,INR 1000,17 Seats available
Goa to Bangalore,https://www.redbus.in/bus-tickets/goa-to-bangalore,Sea Bird Tourist,NON A/C Sleeper (2+1),21:00,14h 00m,11:00,4.5,INR 1100,26 Seats available
Goa to Bangalore,https://www.redbus.in/bus-tickets/goa-to-bangalore,Intercity travels,Bharat Benz A/C Sleeper (2+1),18:30,13h 15m,07:45,2.4,INR 1999,25 Seats available
Goa to Bangalore,https://www.redbus.in/bus-tickets/goa-to-bangalore,Sea Bird Tourist,NON A/C Sleeper (2+1),18:30,14h 00m,08:30,2.3,INR 1000,18 Seats available
Goa to Bangalore,https://www.redbus.in/bus-tickets/goa-to-bangalore,SRS Travels,NON AC Seater / Sleeper 2+1,18:00,13h 30m,07:30,3.0,INR 2299,35 Seats available
Goa to Bangalore,https://www.redbus.in/bus-tickets/goa-to-bangalore,Sugama Tourist,NON A/C Sleeper (2+1),17:30,13h 48m,07:18,3.2,INR 1550,17 Seats available
Goa to Bangalore,https://www.redbus.in/bus-tickets/goa-to-bangalore,Sugama Tourist,NON A/C Sleeper (2+1),18:30,12h 45m,07:15,3.9,INR 1550,20 Seats available
Goa to Bangalore,https://www.redbus.in/bus-tickets/goa-to-bangalore,SAI TOURS AND TRAVELS,NON A/C Sleeper (2+1),17:45,12h 55m,06:40,4.6,INR 1100,25 Seats available
Goa to Bangalore,https://www.redbus.in/bus-tickets/goa-to-bangalore,Butterfly Holidays,NON A/C Sleeper (2+1),18:30,11h 35m,06:05,4.0,INR 3999,30 Seats available
Goa to Bangalore,https://www.redbus.in/bus-tickets/goa-to-bangalore,Shree Mahalaxmi Travels,NON A/C Sleeper (2+1),18:05,11h 55m,06:00,3.1,INR 3200,36 Seats available
Goa to Bangalore,https://www.redbus.in/bus-tickets/goa-to-bangalore,Anand Travels,A/C Sleeper (2+1),20:00,12h 15m,08:15,1.9,1430,22 Seats available
Goa to Bangalore,https://www.redbus.in/bus-tickets/goa-to-bangalore,Sea Bird Tourist,A/C Sleeper (2+1),17:30,14h 00m,07:30,1.2,INR 1000,17 Seats available
Goa to Bangalore,https://www.redbus.in/bus-tickets/goa-to-bangalore,National travels,Bharat Benz A/C Sleeper (2+1),18:00,11h 30m,05:30,3.5,INR 1780,28 Seats available
Goa to Bangalore,https://www.redbus.in/bus-tickets/goa-to-bangalore,Sri Sai Logistics,A/C Sleeper (2+1),16:45,13h 00m,05:45,3.9,INR 1200,13 Seats available
Goa to Bangalore,https://www.redbus.in/bus-tickets/goa-to-bangalore,Jolly Tours and Travels,A/C Sleeper (2+1),18:00,14h 10m,08:10,3.7,INR 1200,27 Seats available
Goa to Bangalore,https://www.redbus.in/bus-tickets/goa-to-bangalore,KMBT Travels,A/C Seater / Sleeper (2+1),18:15,11h 45m,06:00,2.8,949,31 Seats available
Goa to Bangalore,https://www.redbus.in/bus-tickets/goa-to-bangalore,Anand Travels,NON A/C Sleeper (2+1),18:30,12h 15m,06:45,3.5,1245,24 Seats available
Goa to Bangalore,https://www.redbus.in/bus-tickets/goa-to-bangalore,DA Transports,A/C Sleeper (2+1),15:30,12h 05m,03:35,3.2,INR 1400,32 Seats available
Goa to Bangalore,https://www.redbus.in/bus-tickets/goa-to-bangalore,Sri Sai Logistics,A/C Sleeper (2+1),16:45,13h 55m,06:40,4.3,INR 1500,7 Seats available
Goa to Bangalore,https://www.redbus.in/bus-tickets/goa-to-bangalore,Shanta Travels,Bharat Benz A/C Sleeper (2+1),17:30,14h 40m,08:10,2.5,INR 1410,22 Seats available
Goa to Bangalore,https://www.redbus.in/bus-tickets/goa-to-bangalore,Sea Bird Tourist,Volvo 9600 Multi-Axle A/C Sleeper (2+1),19:30,13h 00m,08:30,1.0,INR 1300,25 Seats available
Goa to Bangalore,https://www.redbus.in/bus-tickets/goa-to-bangalore,Northern Travels,Bharat Benz A/C Sleeper (2+1),20:30,14h 00m,10:30,4.6,1093,20 Seats available
Goa to Bangalore,https://www.redbus.in/bus-tickets/goa-to-bangalore,VRN Luxuryline,A/C Sleeper (2+1),17:00,12h 50m,05:50,3.8,INR 1980,23 Seats available
Goa to Bangalore,https://www.redbus.in/bus-tickets/goa-to-bangalore,Sri Durgamba Travels,NON A/C Sleeper (2+1),18:00,12h 12m,06:12,3.7,INR 1199,29 Seats available
Goa to Bangalore,https://www.redbus.in/bus-tickets/goa-to-bangalore,Sai Travels,Non A/C Seater / Sleeper (2+1),18:00,12h 30m,06:30,3.7,INR 10000,40 Seats available
Goa to Bangalore,https://www.redbus.in/bus-tickets/goa-to-bangalore,AGR Travels,A/C Sleeper (2+1),17:30,12h 45m,06:15,3.5,INR 1499,29 Seats available
Goa to Bangalore,https://www.redbus.in/bus-tickets/goa-to-bangalore,DA Transports,A/C Sleeper (2+1),17:30,12h 05m,05:35,3.4,INR 1600,36 Seats available
Goa to Bangalore,https://www.redbus.in/bus-tickets/goa-to-bangalore,Nagashree Travels,A/C Sleeper (2+1),19:25,11h 10m,06:35,3.4,INR 4000,30 Seats available
Goa to Bangalore,https://www.redbus.in/bus-tickets/goa-to-bangalore,SHREE ROAD LINES SRL,Volvo Multi-Axle A/C Sleeper (2+1),18:45,11h 55m,06:40,3.4,INR 4500,19 Seats available
Goa to Bangalore,https://www.redbus.in/bus-tickets/goa-to-bangalore,PVS Tours and Travels,A/C Sleeper (2+1),20:15,14h 00m,10:15,2.6,INR 3000,32 Seats available
Goa to Bangalore,https://www.redbus.in/bus-tickets/goa-to-bangalore,Gowthami Tours and Travels,Volvo Multi Axle B9R A/C Sleeper (2+1),17:45,13h 25m,07:10,2.4,INR 1200,27 Seats available
Goa to Bangalore,https://www.redbus.in/bus-tickets/goa-to-bangalore,Samarath Tours and Travels,Non A/C Seater / Sleeper (2+1),17:00,13h 05m,06:05,0,INR 1999,37 Seats available
Goa to Bangalore,https://www.redbus.in/bus-tickets/goa-to-bangalore,RS Roadlines,A/C Sleeper (2+1),19:00,11h 20m,06:20,0,INR 2499,30 Seats available
Goa to Bangalore,https://www.redbus.in/bus-tickets/goa-to-bangalore,RS Roadlines,A/C Sleeper (2+1),18:00,11h 20m,05:20,0,INR 2499,30 Seats available
Belagavi to Goa,https://www.redbus.in/bus-tickets/belagavi-to-goa,Kadamba Transport Corporation Limited (KTCL) - 6020,Non AC Seater 2+2,16:00,03h 45m,19:45,3.3,INR 170,1 Seat available
Belagavi to Goa,https://www.redbus.in/bus-tickets/belagavi-to-goa,Gajal Tours And Travels,A/C Sleeper (2+1),04:00,06h 00m,10:00,4.0,INR 7200,27 Seats available
Belagavi to Goa,https://www.redbus.in/bus-tickets/belagavi-to-goa,Gajal Tours And Travels,A/C Sleeper (2+1),04:00,06h 00m,10:00,4.0,INR 7200,32 Seats available
Belagavi to Goa,https://www.redbus.in/bus-tickets/belagavi-to-goa,Rajat Travels,A/C Seater / Sleeper (2+1),06:30,04h 00m,10:30,3.3,1170,14 Seats available
Belagavi to Goa,https://www.redbus.in/bus-tickets/belagavi-to-goa,PVS Tours and Travels,A/C Sleeper (2+1),07:00,02h 30m,09:30,3.4,INR 1697,7 Seats available
Belagavi to Goa,https://www.redbus.in/bus-tickets/belagavi-to-goa,PVS Tours and Travels,A/C Sleeper (2+1),07:00,02h 30m,09:30,3.4,INR 1494,4 Seats available
Belagavi to Goa,https://www.redbus.in/bus-tickets/belagavi-to-goa,PVS Tours and Travels,A/C Sleeper (2+1),10:35,02h 55m,13:30,3.4,INR 1499,21 Seats available
Belagavi to Goa,https://www.redbus.in/bus-tickets/belagavi-to-goa,PVS Tours and Travels,A/C Sleeper (2+1),11:05,02h 25m,13:30,3.4,INR 1494,23 Seats available
Belagavi to Goa,https://www.redbus.in/bus-tickets/belagavi-to-goa,Humsafar Travels,Bharat Benz A/C Sleeper (2+1),03:30,04h 30m,08:00,1.5,INR 1850,36 Seats available
Belagavi to Goa,https://www.redbus.in/bus-tickets/belagavi-to-goa,Yes Express Tours and Travels,Volvo Multi Axle A/C Sleeper I-Shift B11R (2+1),04:40,28h 50m,09:30,2.9,INR 1459,26 Seats available
Belagavi to Goa,https://www.redbus.in/bus-tickets/belagavi-to-goa,R National Travels,A/C Sleeper (2+1),09:00,05h 00m,14:00,1.8,INR 1699,24 Seats available
Belagavi to Goa,https://www.redbus.in/bus-tickets/belagavi-to-goa,S R Travels,NON A/C Sleeper (2+1),01:00,05h 00m,06:00,0,INR 999,28 Seats available
Goa to Mumbai,https://www.redbus.in/bus-tickets/goa-to-mumbai,Kadamba Transport Corporation Limited (KTCL) - 116186,Volvo AC Seater 2+2,18:30,13h 30m,08:00,4.0,INR 900,7 Seats available
Goa to Mumbai,https://www.redbus.in/bus-tickets/goa-to-mumbai,IntrCity SmartBus,AC Sleeper (2+1),19:30,14h 10m,09:40,4.6,INR 1049,26 Seats available
Goa to Mumbai,https://www.redbus.in/bus-tickets/goa-to-mumbai,Zingbus Plus,Bharat Benz A/C Sleeper (2+1),19:40,14h 35m,10:15,4.5,1023,24 Seats available
Goa to Mumbai,https://www.redbus.in/bus-tickets/goa-to-mumbai,AdNaik Tours And Travels,NON A/C Sleeper (2+1),16:20,14h 25m,06:45,4.1,INR 800,12 Seats available
Goa to Mumbai,https://www.redbus.in/bus-tickets/goa-to-mumbai,Zingbus Plus,VE A/C Sleeper (2+1),20:25,15h 30m,11:55,4.4,1023,23 Seats available
Goa to Mumbai,https://www.redbus.in/bus-tickets/goa-to-mumbai,IntrCity SmartBus,AC Sleeper (2+1),18:30,14h 30m,09:00,4.4,INR 1028,29 Seats available
Goa to Mumbai,https://www.redbus.in/bus-tickets/goa-to-mumbai,IntrCity SmartBus,Bharat Benz A/C Sleeper (2+1),20:00,14h 20m,10:20,4.4,INR 1049,26 Seats available
Goa to Mumbai,https://www.redbus.in/bus-tickets/goa-to-mumbai,Zingbus Plus,AC Sleeper (2+1),18:10,14h 35m,08:45,4.2,1188,22 Seats available
Goa to Mumbai,https://www.redbus.in/bus-tickets/goa-to-mumbai,Atmaram Travels (Dolphin),A/C Sleeper (2+1),14:00,15h 00m,05:00,4.3,INR 1200,19 Seats available
Goa to Mumbai,https://www.redbus.in/bus-tickets/goa-to-mumbai,"National Travels,Goa",A/C Sleeper (2+1),19:30,15h 00m,10:30,4.3,INR 1200,19 Seats available
Goa to Mumbai,https://www.redbus.in/bus-tickets/goa-to-mumbai,Atmaram Travels (Unity),A/C Sleeper (2+1),20:00,15h 05m,11:05,4.2,INR 1050,27 Seats available
Goa to Mumbai,https://www.redbus.in/bus-tickets/goa-to-mumbai,IntrCity SmartBus,AC Sleeper (2+1),21:00,14h 20m,11:20,4.1,INR 1000,34 Seats available
Goa to Mumbai,https://www.redbus.in/bus-tickets/goa-to-mumbai,Atmaram Travels(M.Dev),A/C Sleeper (2+1),22:00,14h 35m,12:35,4.1,INR 1299,27 Seats available
Goa to Mumbai,https://www.redbus.in/bus-tickets/goa-to-mumbai,"National Travels,Goa",NON A/C Sleeper (2+1),18:30,13h 00m,07:30,4.1,INR 900,15 Seats available
Goa to Mumbai,https://www.redbus.in/bus-tickets/goa-to-mumbai,Atmaram Travels (Dolphin),A/C Sleeper (2+1),19:30,13h 30m,09:00,4.3,INR 1100,27 Seats available
Goa to Mumbai,https://www.redbus.in/bus-tickets/goa-to-mumbai,Atmaram Travels (Dolphin),A/C Sleeper (2+1),16:30,14h 45m,07:15,4.0,INR 1100,21 Seats available
Goa to Mumbai,https://www.redbus.in/bus-tickets/goa-to-mumbai,Atmaram Travels (Dolphin),A/C Sleeper (2+1),15:00,14h 50m,05:50,4.0,INR 1100,23 Seats available
Goa to Mumbai,https://www.redbus.in/bus-tickets/goa-to-mumbai,Rajdhani Travels Corporation,VE A/C Sleeper (2+1),19:30,12h 40m,08:10,4.0,INR 1200,8 Seats available
Goa to Mumbai,https://www.redbus.in/bus-tickets/goa-to-mumbai,PSR Travels (Vaibhav),A/C Sleeper (2+1),22:30,14h 00m,12:30,3.9,INR 1250,22 Seats available
Goa to Mumbai,https://www.redbus.in/bus-tickets/goa-to-mumbai,VAILANKANNI TRAVELS,VE A/C Sleeper (2+1),20:40,14h 20m,11:00,3.8,INR 1200,27 Seats available
Goa to Mumbai,https://www.redbus.in/bus-tickets/goa-to-mumbai,Atmaram Travels (Vishal),A/C Sleeper (2+1),17:30,15h 00m,08:30,4.5,INR 1100,24 Seats available
Goa to Mumbai,https://www.redbus.in/bus-tickets/goa-to-mumbai,Jolly Tours and Travels,VE A/C Sleeper (2+1),18:25,12h 05m,06:30,4.2,INR 1799,25 Seats available
Goa to Mumbai,https://www.redbus.in/bus-tickets/goa-to-mumbai,Atmaram Travels (Dolphin),A/C Sleeper (2+1),18:30,16h 35m,11:05,3.6,INR 1499,28 Seats available
Goa to Mumbai,https://www.redbus.in/bus-tickets/goa-to-mumbai,VRL Travels,A/C Sleeper (2+1),19:30,15h 30m,11:00,3.5,INR 1500,12 Seats available
Goa to Mumbai,https://www.redbus.in/bus-tickets/goa-to-mumbai,Rajdhani Travels Corporation,A/C Sleeper (2+1),18:30,12h 15m,06:45,4.7,INR 1000,18 Seats available
Goa to Mumbai,https://www.redbus.in/bus-tickets/goa-to-mumbai,Atmaram Travels(GTA),A/C Sleeper (2+1),19:00,14h 35m,09:35,4.0,INR 1400,29 Seats available
Goa to Mumbai,https://www.redbus.in/bus-tickets/goa-to-mumbai,Vailankanni Travels - Mujawar,NON A/C Sleeper (2+1),19:40,13h 20m,09:00,4.0,INR 800,25 Seats available
Goa to Mumbai,https://www.redbus.in/bus-tickets/goa-to-mumbai,VAILANKANNI TRAVELS,VE A/C Sleeper (2+1),16:25,14h 30m,06:55,4.3,INR 1200,20 Seats available
Goa to Mumbai,https://www.redbus.in/bus-tickets/goa-to-mumbai,Atmaram Travels (Vishal),Non AC Seater (2+2),18:10,15h 10m,09:20,3.3,INR 800,34 Seats available
Goa to Mumbai,https://www.redbus.in/bus-tickets/goa-to-mumbai,Naik Tours And Travels,NON A/C Sleeper (2+1),17:50,13h 10m,07:00,3.1,INR 800,16 Seats available
Goa to Mumbai,https://www.redbus.in/bus-tickets/goa-to-mumbai,Vailankanni Travels - Mujawar,NON A/C Sleeper (2+1),18:10,12h 50m,07:00,3.2,INR 800,21 Seats available
Goa to Mumbai,https://www.redbus.in/bus-tickets/goa-to-mumbai,Atmaram Travels (Unity),A/C Sleeper (2+1),20:00,15h 05m,11:05,4.0,INR 4000,30 Seats available
Goa to Mumbai,https://www.redbus.in/bus-tickets/goa-to-mumbai,Laxmi holidays,Bharat Benz A/C Seater /Sleeper (2+1),19:00,13h 45m,08:45,4.3,INR 800,35 Seats available
Goa to Mumbai,https://www.redbus.in/bus-tickets/goa-to-mumbai,Atmaram Travels (Dolphin),A/C Sleeper (2+1),15:30,14h 45m,06:15,4.6,INR 1100,24 Seats available
Goa to Mumbai,https://www.redbus.in/bus-tickets/goa-to-mumbai,Manish Travels,Non AC Seater (2+2),18:30,14h 30m,09:00,3.3,INR 900,25 Seats available
Goa to Mumbai,https://www.redbus.in/bus-tickets/goa-to-mumbai,Atmaram Travels(M.Dev),A/C Sleeper (2+1),21:00,14h 10m,11:10,3.6,INR 1399,26 Seats available
Goa to Mumbai,https://www.redbus.in/bus-tickets/goa-to-mumbai,Manish Roshan Travels,A/C Sleeper (2+1),20:30,14h 00m,10:30,3.6,INR 1300,28 Seats available
Goa to Mumbai,https://www.redbus.in/bus-tickets/goa-to-mumbai,Anand Travels,NON A/C Sleeper (2+1),19:30,13h 00m,08:30,2.9,INR 900,20 Seats available
Goa to Mumbai,https://www.redbus.in/bus-tickets/goa-to-mumbai,Manish Travels,A/C Sleeper (2+1),19:30,14h 00m,09:30,4.2,INR 1400,22 Seats available
Goa to Mumbai,https://www.redbus.in/bus-tickets/goa-to-mumbai,Gujarat Travels,AC Sleeper (2+1),12:25,14h 40m,03:05,1.9,INR 2000,31 Seats available
Goa to Mumbai,https://www.redbus.in/bus-tickets/goa-to-mumbai,Atmaram Travels Goa,A/C Sleeper (2+1),22:31,14h 10m,12:41,3.4,INR 1359,22 Seats available
Goa to Mumbai,https://www.redbus.in/bus-tickets/goa-to-mumbai,Sai Travels - Sai Someshwar,A/C Seater / Sleeper (2+1),17:00,16h 35m,09:35,3.2,INR 4000,45 Seats available
Goa to Mumbai,https://www.redbus.in/bus-tickets/goa-to-mumbai,Giroba Travels (Sai Pooja),A/C Sleeper (2+1),18:01,15h 04m,09:05,3.3,INR 1000,22 Seats available
Goa to Mumbai,https://www.redbus.in/bus-tickets/goa-to-mumbai,Giroba Travels,A/C Sleeper (2+1),19:00,15h 00m,10:00,3.3,INR 1199,29 Seats available
Goa to Mumbai,https://www.redbus.in/bus-tickets/goa-to-mumbai,AAINATH TRAVELS,A/C Sleeper (2+1),21:30,14h 40m,12:10,2.0,INR 1200,19 Seats available
Goa to Mumbai,https://www.redbus.in/bus-tickets/goa-to-mumbai,Jolly Tours and Travels,A/C Sleeper (2+1),19:25,12h 05m,07:30,2.0,INR 1499,20 Seats available
Goa to Mumbai,https://www.redbus.in/bus-tickets/goa-to-mumbai,Sai Travels - SaI Jyoti,A/C Sleeper (2+1),18:30,13h 30m,08:00,3.0,INR 1000,24 Seats available
Goa to Mumbai,https://www.redbus.in/bus-tickets/goa-to-mumbai,Manish Patil Travels,A/C Sleeper (2+1),17:00,15h 30m,08:30,2.6,INR 1300,30 Seats available
Goa to Mumbai,https://www.redbus.in/bus-tickets/goa-to-mumbai,Atmaram Travels,A/C Sleeper (2+1),19:00,15h 45m,10:45,2.9,INR 1200,24 Seats available
Goa to Mumbai,https://www.redbus.in/bus-tickets/goa-to-mumbai,Kokan Holidays - Muskan,NON A/C Sleeper (2+1),16:00,14h 30m,06:30,1.5,INR 3000,32 Seats available
Goa to Mumbai,https://www.redbus.in/bus-tickets/goa-to-mumbai,Jolly Tours and Travels,A/C Seater (2+2),19:25,12h 05m,07:30,1.5,INR 1799,9 Seats available
Goa to Mumbai,https://www.redbus.in/bus-tickets/goa-to-mumbai,Manish Sharma Travels,A/C Sleeper (2+1),19:00,16h 00m,11:00,2.7,INR 1300,30 Seats available
Goa to Mumbai,https://www.redbus.in/bus-tickets/goa-to-mumbai,Shree Chamunda Travels Agency,NON A/C Sleeper (2+1),23:00,14h 10m,13:10,2.2,INR 5000,40 Seats available
Goa to Mumbai,https://www.redbus.in/bus-tickets/goa-to-mumbai,Naik Tours And Travels,A/C Sleeper (2+1),15:50,14h 25m,06:15,2.9,INR 1000,30 Seats available
Goa to Mumbai,https://www.redbus.in/bus-tickets/goa-to-mumbai,Naik Tours And Travels,NON A/C Sleeper (2+1),18:50,13h 05m,07:55,2.9,INR 850,27 Seats available
Goa to Mumbai,https://www.redbus.in/bus-tickets/goa-to-mumbai,Naik Tours And Travels,NON A/C Sleeper (2+1),17:20,14h 25m,07:45,2.9,INR 900,17 Seats available
Goa to Mumbai,https://www.redbus.in/bus-tickets/goa-to-mumbai,GANESH PRASAD TRAVELS,A/C Seater (2+2),17:40,14h 30m,08:10,2.5,INR 2500,49 Seats available
Goa to Mumbai,https://www.redbus.in/bus-tickets/goa-to-mumbai,Kokan Holidays,Non AC Seater (2+2),17:00,14h 30m,07:30,1.7,INR 2100,4 Seats available
Goa to Mumbai,https://www.redbus.in/bus-tickets/goa-to-mumbai,KOKAN TOURS & TRAVELS,A/C Sleeper (2+1),17:00,12h 00m,05:00,1.7,INR 5000,48 Seats available
Goa to Mumbai,https://www.redbus.in/bus-tickets/goa-to-mumbai,Kokan Holidays - Muskan,NON A/C Sleeper (2+1),15:30,15h 00m,06:30,1.7,INR 5000,32 Seats available
Goa to Mumbai,https://www.redbus.in/bus-tickets/goa-to-mumbai,Atmaram Travels Goa,A/C Seater / Sleeper (2+2),20:00,15h 20m,11:20,0,INR 2000,45 Seats available
Goa to Mumbai,https://www.redbus.in/bus-tickets/goa-to-mumbai,Atmaram Travels Goa,A/C Seater / Sleeper (2+1),20:00,15h 20m,11:20,0,INR 1000,36 Seats available
Goa to Belagavi,https://www.redbus.in/bus-tickets/goa-to-belagavi,Kadamba Transport Corporation Limited (KTCL) - 6028,Non AC Seater 2+2,07:00,03h 30m,10:30,3.4,INR 170,18 Seats available
Goa to Belagavi,https://www.redbus.in/bus-tickets/goa-to-belagavi,PVS Tours and Travels,A/C Sleeper (2+1),16:00,05h 00m,21:00,4.1,INR 1399,30 Seats available
Goa to Belagavi,https://www.redbus.in/bus-tickets/goa-to-belagavi,PSR Travels Goa (SOARES),A/C Sleeper (2+1),17:01,05h 29m,22:30,3.6,INR 1300,26 Seats available
Goa to Belagavi,https://www.redbus.in/bus-tickets/goa-to-belagavi,Rajat Travels,A/C Seater / Sleeper (2+1),18:00,04h 30m,22:30,3.3,810,25 Seats available
Goa to Belagavi,https://www.redbus.in/bus-tickets/goa-to-belagavi,PVS Tours and Travels,A/C Sleeper (2+1),19:00,04h 00m,23:00,3.4,INR 1399,36 Seats available
Goa to Belagavi,https://www.redbus.in/bus-tickets/goa-to-belagavi,PVS Tours and Travels,A/C Sleeper (2+1),19:00,03h 45m,22:45,3.4,INR 1399,26 Seats available
Goa to Belagavi,https://www.redbus.in/bus-tickets/goa-to-belagavi,S R Travels,A/C Seater/Sleeper (2+1),20:30,05h 30m,02:00,3.2,INR 700,35 Seats available
Goa to Belagavi,https://www.redbus.in/bus-tickets/goa-to-belagavi,Orange Tours And Travels,A/C Sleeper (2+1),17:30,04h 30m,22:00,2.9,INR 1600,36 Seats available
Goa to Belagavi,https://www.redbus.in/bus-tickets/goa-to-belagavi,Elegance Tours And Travels Pvt Ltd,Bharat Benz A/C Sleeper (2+1),17:30,05h 45m,23:15,1.9,INR 1599,23 Seats available
Goa to Belagavi,https://www.redbus.in/bus-tickets/goa-to-belagavi,BTR Travels,A/C Sleeper (2+1),18:15,05h 00m,23:15,2.1,INR 1599,28 Seats available
Goa to Belagavi,https://www.redbus.in/bus-tickets/goa-to-belagavi,Humsafar Travels,Bharat Benz A/C Sleeper (2+1),19:00,04h 15m,23:15,2.9,INR 1650,29 Seats available
Goa to Belagavi,https://www.redbus.in/bus-tickets/goa-to-belagavi,S R Travels,NON A/C Sleeper (2+1),20:00,03h 59m,23:59,1.1,INR 800,23 Seats available
Goa to Belagavi,https://www.redbus.in/bus-tickets/goa-to-belagavi,VRL Travels,A/C Sleeper (2+1),16:30,04h 40m,21:10,3.4,INR 2200,15 Seats available
Goa to Belagavi,https://www.redbus.in/bus-tickets/goa-to-belagavi,National travels,Bharat Benz A/C Sleeper (2+1),17:00,05h 15m,22:15,3.4,INR 3100,28 Seats available
Goa to Belagavi,https://www.redbus.in/bus-tickets/goa-to-belagavi,Ashirwad Travels,A/C Seater / Sleeper (2+1),18:00,04h 00m,22:00,4.3,INR 2380.95,40 Seats available
Goa to Belagavi,https://www.redbus.in/bus-tickets/goa-to-belagavi,Meghana Travels,A/C Sleeper (2+1),17:30,06h 25m,23:55,2.8,INR 5000,36 Seats available
Goa to Belagavi,https://www.redbus.in/bus-tickets/goa-to-belagavi,Hriday Tours & Travels,Volvo Multi-Axle A/C Sleeper (2+1),19:00,02h 00m,21:00,1.8,INR 1800,28 Seats available
Pandharpur to Goa,https://www.redbus.in/bus-tickets/pandharpur-to-goa,Kadamba Transport Corporation Limited (KTCL) - 61005,Non AC Seater 2+2,21:15,12h 45m,10:00,3.2,INR 735,33 Seats available
Pandharpur to Goa,https://www.redbus.in/bus-tickets/pandharpur-to-goa,New Shivbaba Tours And Travels,AC Sleeper (2+1),19:45,10h 15m,06:00,2.7,1234,30 Seats available
Solapur to Goa,https://www.redbus.in/bus-tickets/solapur-to-goa,Kadamba Transport Corporation Limited (KTCL) - 61005,Non AC Seater 2+2,20:00,14h 00m,10:00,3.7,INR 850,33 Seats available
Solapur to Goa,https://www.redbus.in/bus-tickets/solapur-to-goa,Humsafar Travels,Bharat Benz A/C Sleeper (2+1),23:15,08h 45m,08:00,2.9,INR 2050,31 Seats available
Solapur to Goa,https://www.redbus.in/bus-tickets/solapur-to-goa,Sharma Travels,AC Sleeper (2+1),22:30,10h 00m,08:30,3.8,INR 1200,22 Seats available
Solapur to Goa,https://www.redbus.in/bus-tickets/solapur-to-goa,Khurana Travel Services,A/C Sleeper (2+1),22:15,09h 15m,07:30,4.2,INR 1200,24 Seats available
Solapur to Goa,https://www.redbus.in/bus-tickets/solapur-to-goa,Sharma Travels,Bharat Benz A/C Sleeper (2+1),23:00,10h 00m,09:00,4.8,INR 1300,27 Seats available
Solapur to Goa,https://www.redbus.in/bus-tickets/solapur-to-goa,Zingbus Plus,AC Sleeper (2+1),01:00,09h 35m,10:35,4.4,1357,9 Seats available
Solapur to Goa,https://www.redbus.in/bus-tickets/solapur-to-goa,Atmaram Gobus,Bharat Benz A/C Sleeper (2+1),02:00,09h 55m,11:55,4.0,INR 1499,23 Seats available
Solapur to Goa,https://www.redbus.in/bus-tickets/solapur-to-goa,S R Travels,A/C Seater/Sleeper (2+1),18:45,12h 15m,07:00,2.8,INR 900,37 Seats available
Solapur to Goa,https://www.redbus.in/bus-tickets/solapur-to-goa,New Shivbaba Tours And Travels,AC Sleeper (2+1),18:00,12h 00m,06:00,2.2,1234,30 Seats available
Goa to Pandharpur,https://www.redbus.in/bus-tickets/goa-to-pandharpur,Kadamba Transport Corporation Limited (KTCL) - 60996,Non AC Seater 2+2,19:00,12h 00m,07:00,2.7,INR 735,1 Seat available
Goa to Pandharpur,https://www.redbus.in/bus-tickets/goa-to-pandharpur,New Shivbaba Tours And Travels,AC Sleeper (2+1),19:45,08h 45m,04:30,3.2,1139,28 Seats available
Goa to Solapur,https://www.redbus.in/bus-tickets/goa-to-solapur,Kadamba Transport Corporation Limited (KTCL) - 60996,Non AC Seater 2+2,19:00,13h 30m,08:30,3.2,INR 850,1 Seat available
Goa to Solapur,https://www.redbus.in/bus-tickets/goa-to-solapur,Humsafar Travels,Bharat Benz A/C Sleeper (2+1),19:00,09h 30m,04:30,3.8,INR 1650,28 Seats available
Goa to Solapur,https://www.redbus.in/bus-tickets/goa-to-solapur,IntrCity SmartBus,AC Sleeper (2+1),16:10,10h 50m,03:00,4.8,INR 1646,25 Seats available
Goa to Solapur,https://www.redbus.in/bus-tickets/goa-to-solapur,IntrCity SmartBus,AC Sleeper (2+1),17:40,10h 15m,03:55,3.7,INR 2122,27 Seats available
Goa to Solapur,https://www.redbus.in/bus-tickets/goa-to-solapur,IntrCity SmartBus,AC Sleeper (2+1),15:10,11h 20m,02:30,4.4,INR 1733,25 Seats available
Goa to Solapur,https://www.redbus.in/bus-tickets/goa-to-solapur,PSR Travels Goa (Parrikar),A/C Sleeper (2+1),18:35,11h 00m,05:35,4.4,INR 1299,18 Seats available
Goa to Solapur,https://www.redbus.in/bus-tickets/goa-to-solapur,Zingbus Plus,AC Sleeper (2+1),16:10,10h 20m,02:30,4.4,1602,21 Seats available
Goa to Solapur,https://www.redbus.in/bus-tickets/goa-to-solapur,Atmaram Gobus,Bharat Benz A/C Sleeper (2+1),18:00,09h 50m,03:50,4.0,INR 1599,16 Seats available
Goa to Solapur,https://www.redbus.in/bus-tickets/goa-to-solapur,Sharma Travels,Bharat Benz A/C Sleeper (2+1),15:00,11h 00m,02:00,3.9,INR 1200,26 Seats available
Goa to Solapur,https://www.redbus.in/bus-tickets/goa-to-solapur,Khurana Travel Services,A/C Sleeper (2+1),15:00,11h 00m,02:00,3.8,INR 1200,29 Seats available
Goa to Solapur,https://www.redbus.in/bus-tickets/goa-to-solapur,S R Travels,A/C Seater/Sleeper (2+1),20:30,11h 00m,07:30,2.6,INR 700,34 Seats available
Goa to Solapur,https://www.redbus.in/bus-tickets/goa-to-solapur,AR Group Vijaylaxmi Travels,VE A/C Sleeper (2+1),19:30,11h 30m,07:00,4.4,4499,36 Seats available
Goa to Solapur,https://www.redbus.in/bus-tickets/goa-to-solapur,New Shivbaba Tours And Travels,AC Sleeper (2+1),19:45,10h 30m,06:15,3.1,1139,28 Seats available
Goa to Solapur,https://www.redbus.in/bus-tickets/goa-to-solapur,Sharma Travels,AC Sleeper (2+1),15:30,11h 00m,02:30,3.7,INR 1200,30 Seats available
Goa to Solapur,https://www.redbus.in/bus-tickets/goa-to-solapur,PVS Tours and Travels,A/C Sleeper (2+1),21:00,12h 00m,09:00,3.4,INR 2950,36 Seats available
Goa to Solapur,https://www.redbus.in/bus-tickets/goa-to-solapur,Gowthami Tours and Travels,A/C Sleeper (2+1),17:45,08h 45m,02:30,2.6,INR 5000,32 Seats available
Goa to Sangola (Solapur),https://www.redbus.in/bus-tickets/goa-to-sangola,Kadamba Transport Corporation Limited (KTCL) - 60996,Non AC Seater 2+2,19:00,11h 05m,06:05,3.6,INR 675,1 Seat available
Goa to Sangola (Solapur),https://www.redbus.in/bus-tickets/goa-to-sangola,Humsafar Travels,Bharat Benz A/C Sleeper (2+1),19:00,07h 00m,02:00,3.6,INR 1650,28 Seats available
Goa to Sangola (Solapur),https://www.redbus.in/bus-tickets/goa-to-sangola,Atmaram Gobus,Bharat Benz A/C Sleeper (2+1),18:00,08h 30m,02:30,4.0,INR 1599,16 Seats available
Goa to Sangola (Solapur),https://www.redbus.in/bus-tickets/goa-to-sangola,PSR Travels Goa (Parrikar),A/C Sleeper (2+1),18:35,09h 45m,04:20,3.6,INR 1299,28 Seats available
Goa to Sangola (Solapur),https://www.redbus.in/bus-tickets/goa-to-sangola,AR Group Vijaylaxmi Travels,VE A/C Sleeper (2+1),19:30,09h 45m,05:15,4.4,4499,36 Seats available
Goa to Sangola (Solapur),https://www.redbus.in/bus-tickets/goa-to-sangola,New Shivbaba Tours And Travels,AC Sleeper (2+1),19:45,08h 00m,03:45,2.7,1139,25 Seats available
Marcel to Belagavi,https://www.redbus.in/bus-tickets/marcel-to-belagavi,Kadamba Transport Corporation Limited (KTCL) - 6028,Non AC Seater 2+2,08:00,02h 30m,10:30,3.4,INR 140,19 Seats available
Shivamogga to Goa,https://www.redbus.in/bus-tickets/shimoga-to-goa,Kadamba Transport Corporation Limited (KTCL) - 132897,Non AC Seater (2+2),23:00,09h 00m,08:00,2.3,INR 450,30 Seats available
Shivamogga to Goa,https://www.redbus.in/bus-tickets/shimoga-to-goa,Sea Bird Tourist,NON A/C Sleeper (2+1),23:45,08h 15m,08:00,3.1,INR 2200,30 Seats available
Goa to Sangli,https://www.redbus.in/bus-tickets/goa-to-sangli,Kadamba Transport Corporation Limited (KTCL) - 60996,Non AC Seater 2+2,19:00,09h 00m,04:00,3.4,INR 490,1 Seat available
Goa to Sangli,https://www.redbus.in/bus-tickets/goa-to-sangli,Vaibhav Travels,A/C Sleeper (2+1),10:20,08h 25m,18:45,4.3,INR 300,34 Seats available
Goa to Sangli,https://www.redbus.in/bus-tickets/goa-to-sangli,Sharma Travels,Bharat Benz A/C Sleeper (2+1),15:00,07h 45m,22:45,3.9,INR 1200,27 Seats available
Goa to Sangli,https://www.redbus.in/bus-tickets/goa-to-sangli,Khurana Travel Services,A/C Sleeper (2+1),15:00,08h 15m,23:15,3.8,INR 1200,29 Seats available
Goa to Sangli,https://www.redbus.in/bus-tickets/goa-to-sangli,Sharma Travels,AC Sleeper (2+1),15:30,07h 45m,23:15,3.9,INR 1200,30 Seats available
Goa to Sangli,https://www.redbus.in/bus-tickets/goa-to-sangli,PSR Travels Goa (Parrikar),A/C Sleeper (2+1),18:35,07h 45m,02:20,3.6,INR 1299,28 Seats available
Goa to Sangli,https://www.redbus.in/bus-tickets/goa-to-sangli,URL Travels Neeta,A/C Sleeper (2+1),10:30,07h 50m,18:20,4.0,2700,21 Seats available
Goa to Sangli,https://www.redbus.in/bus-tickets/goa-to-sangli,Vaibhav Travels,A/C Sleeper (2+1),20:00,09h 40m,05:40,3.5,INR 800,30 Seats available
Goa to Sangli,https://www.redbus.in/bus-tickets/goa-to-sangli,Venkteshwara Travels,NON A/C Sleeper (2+1),20:30,08h 45m,05:15,4.3,INR 699,30 Seats available
Goa to Sangli,https://www.redbus.in/bus-tickets/goa-to-sangli,New Shivbaba Tours And Travels,AC Sleeper (2+1),19:45,06h 30m,02:15,2.7,1139,30 Seats available
Goa to Sangli,https://www.redbus.in/bus-tickets/goa-to-sangli,IntrCity SmartBus,AC Sleeper (2+1),15:10,08h 05m,23:15,4.4,INR 1733,25 Seats available
Goa to Sangli,https://www.redbus.in/bus-tickets/goa-to-sangli,IntrCity SmartBus,AC Sleeper (2+1),16:10,08h 05m,00:15,4.4,INR 1646,25 Seats available
Goa to Sangli,https://www.redbus.in/bus-tickets/goa-to-sangli,IntrCity SmartBus,AC Sleeper (2+1),17:40,07h 20m,01:00,4.4,INR 2122,27 Seats available
Goa to Sangli,https://www.redbus.in/bus-tickets/goa-to-sangli,AR Group Vijaylaxmi Travels,VE A/C Sleeper (2+1),19:30,07h 00m,02:30,4.4,4499,36 Seats available
Goa to Sangli,https://www.redbus.in/bus-tickets/goa-to-sangli,Atmaram Gobus,Bharat Benz A/C Sleeper (2+1),18:00,05h 40m,23:40,4.0,INR 1599,16 Seats available
Goa to Sangli,https://www.redbus.in/bus-tickets/goa-to-sangli,PVS Tours and Travels,A/C Sleeper (2+1),21:00,08h 45m,05:45,3.4,INR 2950,36 Seats available
Goa to Sangli,https://www.redbus.in/bus-tickets/goa-to-sangli,Humsafar Travels,Bharat Benz A/C Sleeper (2+1),19:00,06h 30m,01:30,1.2,INR 1650,27 Seats available
Sangola (Solapur) to Goa,https://www.redbus.in/bus-tickets/sangola-to-goa,Kadamba Transport Corporation Limited (KTCL) - 61005,Non AC Seater 2+2,21:45,12h 15m,10:00,3.4,INR 675,33 Seats available
Sangola (Solapur) to Goa,https://www.redbus.in/bus-tickets/sangola-to-goa,Sharma Travels,AC Sleeper (2+1),23:59,08h 31m,08:30,3.9,INR 1200,24 Seats available
Sangola (Solapur) to Goa,https://www.redbus.in/bus-tickets/sangola-to-goa,Khurana Travel Services,A/C Sleeper (2+1),23:15,08h 15m,07:30,3.8,INR 1200,24 Seats available
Sangola (Solapur) to Goa,https://www.redbus.in/bus-tickets/sangola-to-goa,Humsafar Travels,Bharat Benz A/C Sleeper (2+1),23:59,08h 01m,08:00,3.8,INR 2050,31 Seats available
Sangola (Solapur) to Goa,https://www.redbus.in/bus-tickets/sangola-to-goa,New Shivbaba Tours And Travels,AC Sleeper (2+1),20:30,09h 30m,06:00,3.2,1234,30 Seats available
Calangute (goa) to Mopa Airport,https://www.redbus.in/bus-tickets/calangute-goa-to-mopa-airport,Kadamba Transport Corporation Limited (KTCL) - 178653,AC Seater (2+2),06:00,01h 15m,07:15,3.5,INR 200,35 Seats available
Calangute (goa) to Mopa Airport,https://www.redbus.in/bus-tickets/calangute-goa-to-mopa-airport,Kadamba Transport Corporation Limited (KTCL) - 178654,AC Seater (2+2),07:00,01h 15m,08:15,3.5,INR 200,35 Seats available
Calangute (goa) to Mopa Airport,https://www.redbus.in/bus-tickets/calangute-goa-to-mopa-airport,Kadamba Transport Corporation Limited (KTCL) - 159019,A/C Seater (2+3),10:00,01h 15m,11:15,3.4,INR 200,47 Seats available
Calangute (goa) to Mopa Airport,https://www.redbus.in/bus-tickets/calangute-goa-to-mopa-airport,Kadamba Transport Corporation Limited (KTCL) - 159065,,11:45,01h 15m,13:00,3.3,INR 200,47 Seats available
Goa to Miraj,https://www.redbus.in/bus-tickets/goa-to-miraj,Kadamba Transport Corporation Limited (KTCL) - 60996,Non AC Seater 2+2,19:00,09h 30m,04:30,3.2,INR 505,20 Seats available
Goa to Miraj,https://www.redbus.in/bus-tickets/goa-to-miraj,Vaibhav Travels,A/C Sleeper (2+1),20:00,09h 42m,05:42,3.6,INR 800,30 Seats available
Goa to Miraj,https://www.redbus.in/bus-tickets/goa-to-miraj,Humsafar Travels,Bharat Benz A/C Sleeper (2+1),19:00,06h 30m,01:30,2.6,INR 1650,28 Seats available
Goa to Miraj,https://www.redbus.in/bus-tickets/goa-to-miraj,,,,,,,,
Goa to Miraj,https://www.redbus.in/bus-tickets/goa-to-miraj,,,,,,,,
Belagavi to Ponda,https://www.redbus.in/bus-tickets/belagavi-to-ponda,Kadamba Transport Corporation Limited (KTCL) - 6020,Non AC Seater 2+2,16:00,03h 15m,19:15,3.3,INR 150,1 Seat available
Ponda to Belagavi,https://www.redbus.in/bus-tickets/ponda-to-belagavi,Kadamba Transport Corporation Limited (KTCL) - 6028,Non AC Seater 2+2,07:30,03h 00m,10:30,3.0,INR 150,19 Seats available
Belagavi to Marcel,https://www.redbus.in/bus-tickets/belagavi-to-marcel,Kadamba Transport Corporation Limited (KTCL) - 6020,Non AC Seater 2+2,16:00,02h 45m,18:45,4.0,INR 140,1 Seat available
Goa to Mopa Airport,https://www.redbus.in/bus-tickets/goa-to-mopa-airport,Kadamba Transport Corporation Limited (KTCL) - 178652,AC Seater (2+2),06:45,00h 30m,07:15,3.7,INR 150,35 Seats available
Goa to Mopa Airport,https://www.redbus.in/bus-tickets/goa-to-mopa-airport,Kadamba Transport Corporation Limited (KTCL) - 178653,AC Seater (2+2),06:45,00h 30m,07:15,3.7,INR 150,35 Seats available
Goa to Mopa Airport,https://www.redbus.in/bus-tickets/goa-to-mopa-airport,Kadamba Transport Corporation Limited (KTCL) - 178654,AC Seater (2+2),07:45,00h 30m,08:15,3.7,INR 150,35 Seats available
Goa to Mopa Airport,https://www.redbus.in/bus-tickets/goa-to-mopa-airport,,,,,,,,
Goa to Mopa Airport,https://www.redbus.in/bus-tickets/goa-to-mopa-airport,,,,,,,,
Mopa Airport to Calangute (goa),https://www.redbus.in/bus-tickets/mopa-airport-to-calangute-goa,Kadamba Transport Corporation Limited (KTCL) - 178655,AC Seater (2+2),08:00,01h 10m,09:10,3.7,INR 200,35 Seats available
Mopa Airport to Calangute (goa),https://www.redbus.in/bus-tickets/mopa-airport-to-calangute-goa,Kadamba Transport Corporation Limited (KTCL) - 159023,A/C Seater (2+3),10:15,01h 10m,11:25,5.0,INR 200,42 Seats available
Mopa Airport to Calangute (goa),https://www.redbus.in/bus-tickets/mopa-airport-to-calangute-goa,Kadamba Transport Corporation Limited (KTCL) - 158988,A/C Seater (2+3),11:30,01h 25m,12:55,3.1,INR 200,47 Seats available
Mopa Airport to Calangute (goa),https://www.redbus.in/bus-tickets/mopa-airport-to-calangute-goa,,,,,,,,
Mopa Airport to Calangute (goa),https://www.redbus.in/bus-tickets/mopa-airport-to-calangute-goa,,,,,,,,
Goa to Shivamogga,https://www.redbus.in/bus-tickets/goa-to-shimoga,Kadamba Transport Corporation Limited (KTCL) - 8355,Non AC Seater 2+2,15:00,10h 03m,01:03,3.4,INR 450,38 Seats available
Goa to Shivamogga,https://www.redbus.in/bus-tickets/goa-to-shimoga,Sea Bird Tourist,NON A/C Sleeper (2+1),17:30,09h 00m,02:30,3.5,INR 1200,28 Seats available
Saquelim to Belagavi,https://www.redbus.in/bus-tickets/saquelim-to-belagavi,Kadamba Transport Corporation Limited (KTCL) - 6028,Non AC Seater 2+2,08:30,02h 00m,10:30,3.7,INR 140,19 Seats available
Mopa Airport to Margao,https://www.redbus.in/bus-tickets/mopa-airport-to-margoa,Kadamba Transport Corporation Limited (KTCL) - 159664,A/C Seater (2+3),10:30,02h 00m,12:30,3.7,INR 400,47 Seats available
Mopa Airport to Margao,https://www.redbus.in/bus-tickets/mopa-airport-to-margoa,Kadamba Transport Corporation Limited (KTCL) - 158996,A/C Seater (2+3),12:30,02h 00m,14:30,3.7,INR 400,47 Seats available
Mopa Airport to Margao,https://www.redbus.in/bus-tickets/mopa-airport-to-margoa,Kadamba Transport Corporation Limited (KTCL) - 159015,A/C Seater (2+3),16:00,02h 00m,18:00,3.7,INR 400,47 Seats available
Mopa Airport to Goa,https://www.redbus.in/bus-tickets/mopa-airport-to-goa,Kadamba Transport Corporation Limited (KTCL) - 178655,AC Seater (2+2),08:00,00h 25m,08:25,3.7,INR 150,35 Seats available
Mopa Airport to Goa,https://www.redbus.in/bus-tickets/mopa-airport-to-goa,Kadamba Transport Corporation Limited (KTCL) - 159654,A/C Seater (2+3),08:15,00h 30m,08:45,3.7,INR 150,42 Seats available
Mopa Airport to Goa,https://www.redbus.in/bus-tickets/mopa-airport-to-goa,Kadamba Transport Corporation Limited (KTCL) - 178778,AC Seater (2+2),08:15,00h 30m,08:45,3.7,INR 150,35 Seats available
Mopa Airport to Goa,https://www.redbus.in/bus-tickets/mopa-airport-to-goa,,,,,,,,
Mopa Airport to Goa,https://www.redbus.in/bus-tickets/mopa-airport-to-goa,,,,,,,,
Margao to Mopa Airport,https://www.redbus.in/bus-tickets/margoa-to-mopa-airport,Kadamba Transport Corporation Limited (KTCL) - 178652,AC Seater (2+2),05:15,02h 00m,07:15,3.8,INR 400,35 Seats available
Margao to Mopa Airport,https://www.redbus.in/bus-tickets/margoa-to-mopa-airport,Kadamba Transport Corporation Limited (KTCL) - 158965,A/C Seater (2+3),08:30,02h 00m,10:30,3.5,INR 400,47 Seats available
Margao to Mopa Airport,https://www.redbus.in/bus-tickets/margoa-to-mopa-airport,Kadamba Transport Corporation Limited (KTCL) - 158967,A/C Seater (2+3),15:00,02h 00m,17:00,4.1,INR 400,48 Seats available
Belagavi to Saquelim,https://www.redbus.in/bus-tickets/belagavi-to-saquelim,Kadamba Transport Corporation Limited (KTCL) - 6020,Non AC Seater 2+2,16:00,02h 15m,18:15,3.7,INR 140,1 Seat available
Panaji to Mopa Airport,https://www.redbus.in/bus-tickets/panaji-to-mopa-airport,Kadamba Transport Corporation Limited (KTCL) - 178652,AC Seater (2+2),06:15,01h 00m,07:15,3.7,INR 200,35 Seats available
Panaji to Mopa Airport,https://www.redbus.in/bus-tickets/panaji-to-mopa-airport,Kadamba Transport Corporation Limited (KTCL) - 178776,AC Seater (2+2),08:15,01h 00m,09:15,3.7,INR 200,35 Seats available
Panaji to Mopa Airport,https://www.redbus.in/bus-tickets/panaji-to-mopa-airport,Kadamba Transport Corporation Limited (KTCL) - 158965,A/C Seater (2+3),09:25,01h 05m,10:30,3.9,INR 200,47 Seats available
Panaji to Mopa Airport,https://www.redbus.in/bus-tickets/panaji-to-mopa-airport,,,,,,,,
Panaji to Mopa Airport,https://www.redbus.in/bus-tickets/panaji-to-mopa-airport,,,,,,,,
Goa Airport to Panaji,https://www.redbus.in/bus-tickets/goa-airport-to-panaji,Kadamba Transport Corporation Limited (KTCL) - 99708,AC Seater (2+2),07:30,01h 01m,08:31,4.5,INR 150,40 Seats available
Goa Airport to Panaji,https://www.redbus.in/bus-tickets/goa-airport-to-panaji,Kadamba Transport Corporation Limited (KTCL) - 151354,Volvo AC Seater 2+2,08:00,01h 01m,09:01,4.5,INR 150,39 Seats available
Goa Airport to Panaji,https://www.redbus.in/bus-tickets/goa-airport-to-panaji,Kadamba Transport Corporation Limited (KTCL) - 99707,AC Seater (2+2),13:45,01h 01m,14:46,4.5,INR 150,41 Seats available
Goa Airport to Panaji,https://www.redbus.in/bus-tickets/goa-airport-to-panaji,,,,,,,,
Mopa Airport to Panaji,https://www.redbus.in/bus-tickets/mopa-airport-to-panaji,Kadamba Transport Corporation Limited (KTCL) - 159654,A/C Seater (2+3),08:15,01h 15m,09:30,3.7,INR 200,42 Seats available
Mopa Airport to Panaji,https://www.redbus.in/bus-tickets/mopa-airport-to-panaji,Kadamba Transport Corporation Limited (KTCL) - 178778,AC Seater (2+2),08:15,01h 00m,09:15,3.7,INR 200,35 Seats available
Mopa Airport to Panaji,https://www.redbus.in/bus-tickets/mopa-airport-to-panaji,Kadamba Transport Corporation Limited (KTCL) - 159664,A/C Seater (2+3),10:30,01h 00m,11:30,3.7,INR 200,47 Seats available
Mopa Airport to Panaji,https://www.redbus.in/bus-tickets/mopa-airport-to-panaji,Kadamba Transport Corporation Limited (KTCL) - 159657,,11:15,01h 00m,12:15,3.7,INR 200,
Mopa Airport to Panaji,https://www.redbus.in/bus-tickets/mopa-airport-to-panaji,,,,,,,,
Goa to Satara,https://www.redbus.in/bus-tickets/goa-to-satara,Kadamba Transport Corporation Limited (KTCL) - 6032,Non AC Seater 2+2,18:00,09h 00m,03:00,3.6,INR 550,22 Seats available
Goa to Satara,https://www.redbus.in/bus-tickets/goa-to-satara,Ashray Travels,Bharat Benz A/C Sleeper (2+1),22:30,09h 30m,08:00,4.5,INR 1100,29 Seats available
Goa to Satara,https://www.redbus.in/bus-tickets/goa-to-satara,IntrCity SmartBus,Bharat Benz A/C Seater /Sleeper (2+1),20:30,08h 10m,04:40,4.9,INR 820,34 Seats available
Goa to Satara,https://www.redbus.in/bus-tickets/goa-to-satara,,,,,,,,
Goa to Satara,https://www.redbus.in/bus-tickets/goa-to-satara,,,,,,,,
Panaji to Calangute (goa),https://www.redbus.in/bus-tickets/panaji-to-calangute-goa,Kadamba Transport Corporation Limited (KTCL) - 99708,AC Seater (2+2),08:31,00h 39m,09:10,3.7,INR 100,41 Seats available
Panaji to Calangute (goa),https://www.redbus.in/bus-tickets/panaji-to-calangute-goa,Kadamba Transport Corporation Limited (KTCL) - 151354,Volvo AC Seater 2+2,09:01,00h 29m,09:30,3.7,INR 100,40 Seats available
Panaji to Calangute (goa),https://www.redbus.in/bus-tickets/panaji-to-calangute-goa,Kadamba Transport Corporation Limited (KTCL) - 99707,AC Seater (2+2),14:46,00h 44m,15:30,3.7,INR 100,41 Seats available
Shirdi to Goa,https://www.redbus.in/bus-tickets/shirdi-to-goa,Kadamba Transport Corporation Limited (KTCL) - 6006,Volvo AC Seater 2+2,14:30,15h 51m,06:21,3.6,INR 1400,1 Seat available
Shirdi to Goa,https://www.redbus.in/bus-tickets/shirdi-to-goa,PSR Travels Goa (Parrikar),A/C Sleeper (2+1),18:00,15h 00m,09:00,3.9,INR 2299,18 Seats available
Shirdi to Goa,https://www.redbus.in/bus-tickets/shirdi-to-goa,Humsafar Travels,Bharat Benz A/C Sleeper (2+1),14:30,19h 00m,09:30,3.2,INR 2480,22 Seats available
Shirdi to Goa,https://www.redbus.in/bus-tickets/shirdi-to-goa,,,,,,,,
Shirdi to Goa,https://www.redbus.in/bus-tickets/shirdi-to-goa,,,,,,,,
Calangute (goa) to Panaji,https://www.redbus.in/bus-tickets/calangute-goa-to-panaji,Kadamba Transport Corporation Limited (KTCL) - 99716,AC Seater (2+2),10:00,00h 31m,10:31,3.7,INR 100,41 Seats available
Calangute (goa) to Panaji,https://www.redbus.in/bus-tickets/calangute-goa-to-panaji,Kadamba Transport Corporation Limited (KTCL) - 78627,Volvo AC Seater 2+2,13:30,00h 31m,14:01,3.7,INR 100,40 Seats available
Calangute (goa) to Panaji,https://www.redbus.in/bus-tickets/calangute-goa-to-panaji,Kadamba Transport Corporation Limited (KTCL) - 99718,AC Seater (2+2),15:30,00h 31m,16:01,3.7,INR 100,41 Seats available
Goa to Karad,https://www.redbus.in/bus-tickets/goa-to-karad,Kadamba Transport Corporation Limited (KTCL) - 6032,Non AC Seater 2+2,18:00,08h 45m,02:45,3.7,INR 500,22 Seats available
Goa to Karad,https://www.redbus.in/bus-tickets/goa-to-karad,Ashray Travels,Bharat Benz A/C Sleeper (2+1),22:30,07h 30m,06:00,4.6,INR 1100,29 Seats available
Goa to Karad,https://www.redbus.in/bus-tickets/goa-to-karad,IntrCity SmartBus,Bharat Benz A/C Sleeper (2+1),21:30,07h 20m,04:50,4.5,INR 1125,21 Seats available
Goa to Karad,https://www.redbus.in/bus-tickets/goa-to-karad,,,,,,,,
Goa to Karad,https://www.redbus.in/bus-tickets/goa-to-karad,,,,,,,,
